"AA";"Codebedingung";"LK";"BM-AA";"Benennung";"Entw.-Bez.";"Verk.-Bez.";"Antriebsart";"KW";"PS";"Antrag";"Motor-Konzept";"Motor-Art";"Zyl.-Anz."
"FX";"M177+M40+M016+M010+M032;";"L";"C1926761";"COUPE (E40 L A)";"X192 E40 L A";"AMG GT BLACK SERIES";"4X2";"550";"748";"VB";"BENZINER";"V";"8"
"FS";"M654+M20+M013;";"L";"C2062031";"C-KOMBI (D20 R)";"S206 D20 R";"C 200 D";"4X2";"120";"163";"VB";"DIESEL";"R";"4"
"FS";"M654+M20+M013;";"R";"C2062032";"C-KOMBI (D20 R)";"S206 D20 R";"C 200 D";"4X2";"120";"163";"VB";"DIESEL";"R";"4"
"FS";"M654+M20;";"L";"C2062041";"C-KOMBI (D20)";"S206 D20";"C 220 D";"4X2";"145";"197";"VB";"DIESEL";"R";"4"
"FS";"M654+M20;";"R";"C2062042";"C-KOMBI (D20)";"S206 D20";"C 220 D";"4X2";"145";"197";"VB";"DIESEL";"R";"4"
"FS";"M654+M20+M005;";"L";"C2062051";"C-KOMBI (D20 4)";"S206 D20 4";"C 220 D 4MATIC";"4X4";"145";"197";"VB";"DIESEL";"R";"4"
"FS";"M654+M20+M005;";"R";"C2062052";"C-KOMBI (D20 4)";"S206 D20 4";"C 220 D 4MATIC";"4X4";"145";"197";"VB";"DIESEL";"R";"4"
"FS";"M654+M20+M014;";"L";"C2062061";"C-KOMBI (D20 G)";"S206 D20 G";"C 300 D";"4X2";"195";"265";"VB";"DIESEL";"R";"4"
"FS";"M654+M20+M014;";"R";"C2062062";"C-KOMBI (D20 G)";"S206 D20 G";"C 300 D";"4X2";"195";"265";"VB";"DIESEL";"R";"4"
"FS";"M654+M20+ME10;";"L";"C2062081";"C-KOMBI (D20)";"S206 D20";"C 300 D E";"4X2";"230";"313";"VB";"DIESEL";"R";"4"
"FS";"M654+M20+ME10;";"R";"C2062082";"C-KOMBI (D20)";"S206 D20";"C 300 D E";"4X2";"230";"313";"VB";"DIESEL";"R";"4"
"FS";"M654+M20+M005+ME10;";"L";"C2062091";"C-KOMBI (D20 4)";"S206 D20 4";"C 300 D E 4MATIC";"4X4";"230";"313";"VB";"DIESEL";"R";"4"
"FS";"M654+M20+M005+ME10;";"R";"C2062092";"C-KOMBI (D20 4)";"S206 D20 4";"C 300 D E 4MATIC";"4X4";"230";"313";"VB";"DIESEL";"R";"4"
"FS";"M654+M20+M005+M035;";"L";"C2062141";"C-KOMBI (D20 4)";"S206 D20 4";"C 220 D 4MATIC";"4X4";"147";"200";"VB";"DIESEL";"R";"4"
"FS";"M654+M20+M005+M035;";"R";"C2062142";"C-KOMBI (D20 4)";"S206 D20 4";"C 220 D 4MATIC";"4X4";"147";"200";"VB";"DIESEL";"R";"4"
"FS";"M654+M20+M013+M010;";"L";"C2062351";"C-KOMBI (D20 R)";"S206 D20 R";"C 200 D";"4X2";"120";"163";"VB";"DIESEL";"R";"4"
"FS";"M654+M20+M013+M010;";"R";"C2062352";"C-KOMBI (D20 R)";"S206 D20 R";"C 200 D";"4X2";"120";"163";"VB";"DIESEL";"R";"4"
"FS";"M654+M20+M010;";"L";"C2062361";"C-KOMBI (D20)";"S206 D20";"C 250 D";"4X2";"147";"200";"VB";"DIESEL";"R";"4"
"FS";"M654+M20+M010;";"R";"C2062362";"C-KOMBI (D20)";"S206 D20";"C 250 D";"4X2";"147";"200";"VB";"DIESEL";"R";"4"
"FS";"M654+M20+M005+M010;";"L";"C2062371";"C-KOMBI (D20 4)";"S206 D20 4";"C 250 D 4MATIC";"4X4";"147";"200";"VB";"DIESEL";"R";"4"
"FS";"M654+M20+M005+M010;";"R";"C2062372";"C-KOMBI (D20 4)";"S206 D20 4";"C 250 D 4MATIC";"4X4";"147";"200";"VB";"DIESEL";"R";"4"
"FS";"M254+M15;";"L";"C2062411";"C-KOMBI (E15)";"S206 E15";"C 180";"4X2";"125";"170";"VB";"BENZINER";"R";"4"
"FS";"M254+M15;";"R";"C2062412";"C-KOMBI (E15)";"S206 E15";"C 180";"4X2";"125";"170";"VB";"BENZINER";"R";"4"
"FS";"M254+M15+M014;";"L";"C2062421";"C-KOMBI (E15 G)";"S206 E15 G";"C 200";"4X2";"150";"204";"VB";"BENZINER";"R";"4"
"FS";"M254+M15+M014;";"R";"C2062422";"C-KOMBI (E15 G)";"S206 E15 G";"C 200";"4X2";"150";"204";"VB";"BENZINER";"R";"4"
"FS";"M254+M15+M014+M005;";"L";"C2062431";"C-KOMBI (E15 G4)";"S206 E15 G 4";"C 200 4MATIC";"4X4";"150";"204";"VB";"BENZINER";"R";"4"
"FS";"M254+M15+M014+M005+M035;";"L";"C2062451";"C-KOMBI (E15 G4)";"S206 E15 G4";"C 200 4MATIC";"4X4";"150";"204";"VB";"BENZINER";"R";"4"
"FS";"M254+M20;";"L";"C2062461";"C-KOMBI (E20)";"S206 E20";"C 300";"4X2";"200";"272";"VB";"BENZINER";"R";"4"
"FS";"M254+M20;";"R";"C2062462";"C-KOMBI (E20)";"S206 E20";"C 300";"4X2";"200";"272";"VB";"BENZINER";"R";"4"
"FS";"M254+M20+M005;";"L";"C2062471";"C-KOMBI (E20 4)";"S206 E20 4";"C 300 4MATIC";"4X4";"200";"272";"VB";"BENZINER";"R";"4"
"FS";"M254+M20+M005;";"R";"C2062472";"C-KOMBI (E20 4)";"S206 E20 4";"C 300 4MATIC";"4X4";"200";"272";"VB";"BENZINER";"R";"4"
"FS";"M254+M20+M013+M010;";"L";"C2062481";"C-KOMBI (E20 R)";"S206 E20 R";"C 250";"4X2";"160";"218";"VB";"BENZINER";"R";"4"
"FS";"M254+M20+M013+M010;";"R";"C2062482";"C-KOMBI (E20 R)";"S206 E20 R";"C 250";"4X2";"160";"218";"VB";"BENZINER";"R";"4"
"FS";"M254+M20+M013+M005+M010;";"L";"C2062491";"C-KOMBI (E20 R4)";"S206 E20 R 4";"C 250 4MATIC";"4X4";"160";"218";"VB";"BENZINER";"R";"4"
"FS";"M254+M20+M013+ME10;";"L";"C2062541";"C-KOMBI (E20 RH)";"S206 E20 RH";"C 300 E";"4X2";"230";"313";"VB";"BENZINER";"R";"4"
"FS";"M254+M20+M013+ME10;";"R";"C2062542";"C-KOMBI (E20 RH)";"S206 E20 RH";"C 300 E";"4X2";"230";"313";"VB";"BENZINER";"R";"4"
"FS";"M254+M20+M013+M006+M010;";"L";"C2062581";"C-KOMBI (E20 RR)";"S206 E20 RR";"C 200";"4X2";"130";"177";"VB";"BENZINER";"R";"4"
"FS";"M254+M20+M013+M006+M010;";"R";"C2062582";"C-KOMBI (E20 RR)";"S206 E20 RR";"C 200";"4X2";"130";"177";"VB";"BENZINER";"R";"4"
"FS";"M256+M30+M016+M005+M010;";"L";"C2062621";"C-KOMBI (E30 LG 4A)";"S206 E30 LG 4A";"AMG C53 4MATIC";"4X4";"345";"469";"VB";"BENZINER";"R";"6"
"FS";"M256+M30+M016+M005+M010;";"R";"C2062622";"C-KOMBI (E30 LG 4A)";"S206 E30 LG 4A";"AMG C53 4MATIC";"4X4";"345";"469";"VB";"BENZINER";"R";"6"
"FS";"M254+M20+M010;";"L";"C2062691";"C-KOMBI (E20)";"S206 E20";"C 300";"4X2";"200";"272";"VB";"BENZINER";"R";"4"
"FS";"M254+M20+M010;";"R";"C2062692";"C-KOMBI (E20)";"S206 E20";"C 300";"4X2";"200";"272";"VB";"BENZINER";"R";"4"
"FS";"M254+M20+M013+ME10+M010;";"L";"C2062711";"C-KOMBI (E20 RH)";"S206 E20 RH";"C 300 E";"4X2";"250";"340";"VB";"BENZINER";"R";"4"
"FS";"M254+M20+M013+ME10+M010;";"R";"C2062712";"C-KOMBI (E20 RH)";"S206 E20 RH";"C 300 E";"4X2";"250";"340";"VB";"BENZINER";"R";"4"
"FS";"M254+M20+M013+ME10+M005+M010;";"L";"C2062721";"C-KOMBI (E20 RH 4)";"S206 E20 RH 4";"C 300 E 4MATIC";"4X4";"250";"340";"VB";"BENZINER";"R";"4"
"FS";"M254+M20+M013+ME10+M005+M010;";"R";"C2062722";"C-KOMBI (E20 RH 4)";"S206 E20 RH 4";"C 300 E 4MATIC";"4X4";"250";"340";"VB";"BENZINER";"R";"4"
"FS";"M254+M20+ME10+M005+M010;";"L";"C2062731";"C-KOMBI (E20 H 4)";"S206 E20 H 4";"C 400 E 4MATIC";"4X4";"300";"408";"VB";"BENZINER";"R";"4"
"FS";"M254+M20+ME10+M005+M010;";"R";"C2062732";"C-KOMBI (E20 H 4)";"S206 E20 H 4";"C 400 E 4MATIC";"4X4";"300";"408";"VB";"BENZINER";"R";"4"
"FS";"M139+M20+M014+M005+ME10;";"L";"C2062801";"C-KOMBI (E20 LGH 4A)";"S206 E20 LGH 4A";"AMG C 63 S E PERFORMANCE";"4X4";"500";"680";"VB";"BENZINER";"R";"4"
"FS";"M139+M20+M014+M005+ME10;";"R";"C2062802";"C-KOMBI (E20 LGH 4A)";"S206 E20 LGH 4A";"AMG C 63 S E PERFORMANCE";"4X4";"500";"680";"VB";"BENZINER";"R";"4"
"FS";"M139+M20+M005;";"L";"C2062871";"C-KOMBI (E20 L 4A)";"S206 E20 L 4A";"AMG C43 4MATIC";"4X4";"310";"422";"VB";"BENZINER";"R";"4"
"FS";"M139+M20+M005;";"R";"C2062872";"C-KOMBI (E20 L 4A)";"S206 E20 L 4A";"AMG C43 4MATIC";"4X4";"310";"422";"VB";"BENZINER";"R";"4"
"FV";"M254+M20+M013+M010;";"L";"C2061481";"C-LIMOUSINE LANG (E20 R)";"V206 E20 R";"C 300 L";"4X2";"160";"218";"VB";"BENZINER";"R";"4"
"FV";"M254+M20+M013;";"L";"C2061501";"C-LIMOUSINE LANG (E20 R)";"V206 E20 R";"C 260 L";"4X2";"150";"204";"VB";"BENZINER";"R";"4"
"FV";"M254+M20+M013+M006;";"L";"C2061521";"C-LIMOUSINE LANG (E20 RR)";"V206 E20 RR";"C 200 L";"4X2";"125";"170";"VB";"BENZINER";"R";"4"
"FV";"M254+M20+M013+M006+M010;";"L";"C2061581";"C-LIMOUSINE LANG (E20 RR)";"V206 E20 RR";"C 260 L";"4X2";"130";"177";"VB";"BENZINER";"R";"4"
"FW";"M654+M20+M013;";"L";"C2060031";"C-LIMOUSINE (D20 R)";"W206 D20 R";"C 200 D";"4X2";"120";"163";"VB";"DIESEL";"R";"4"
"FW";"M654+M20+M013;";"R";"C2060032";"C-LIMOUSINE (D20 R)";"W206 D20 R";"C 200 D";"4X2";"120";"163";"VB";"DIESEL";"R";"4"
"FW";"M654+M20;";"L";"C2060041";"C-LIMOUSINE (D20)";"W206 D20";"C 220 D";"4X2";"145";"197";"VB";"DIESEL";"R";"4"
"FW";"M654+M20;";"R";"C2060042";"C-LIMOUSINE (D20)";"W206 D20";"C 220 D";"4X2";"145";"197";"VB";"DIESEL";"R";"4"
"FW";"M654+M20+M008;";"R";"C2060046";"C-LIMOUSINE (D20)";"W206 D20";"C 220 D";"4X2";"145";"197";"VB";"DIESEL";"R";"4"
"FW";"M654+M20+M005;";"L";"C2060051";"C-LIMOUSINE (D20 4)";"W206 D20 4";"C 220 D 4MATIC";"4X4";"145";"197";"VB";"DIESEL";"R";"4"
"FW";"M654+M20+M005;";"R";"C2060052";"C-LIMOUSINE (D20 4)";"W206 D20 4";"C 220 D 4MATIC";"4X4";"145";"197";"VB";"DIESEL";"R";"4"
"FW";"M654+M20+M014;";"L";"C2060061";"C-LIMOUSINE (D20 G)";"W206 D20 G";"C 300 D";"4X2";"195";"265";"VB";"DIESEL";"R";"4"
"FW";"M654+M20+M014;";"R";"C2060062";"C-LIMOUSINE (D20 G)";"W206 D20 G";"C 300 D";"4X2";"195";"265";"VB";"DIESEL";"R";"4"
"FW";"M654+M20+M014+M008;";"R";"C2060066";"C-LIMOUSINE (D20 G)";"W206 D20 G";"C 300 D";"4X2";"195";"265";"VB";"DIESEL";"R";"4"
"FW";"M654+M20+M014+M005;";"L";"C2060071";"C-LIMOUSINE (D20 G)";"W206 D20 G";"C 300 D 4MATIC";"4X4";"195";"265";"VB";"DIESEL";"R";"4"
"FW";"M654+M20+M014+M005;";"R";"C2060072";"C-LIMOUSINE (D20 G)";"W206 D20 G";"C 300 D 4MATIC";"4X4";"195";"265";"VB";"DIESEL";"R";"4"
"FW";"M654+M20+ME10;";"L";"C2060081";"C-LIMOUSINE (D20)";"W206 D20";"C 300 D E";"4X2";"230";"313";"VB";"DIESEL";"R";"4"
"FW";"M654+M20+ME10;";"R";"C2060082";"C-LIMOUSINE (D20)";"W206 D20";"C 300 D E";"4X2";"230";"313";"VB";"DIESEL";"R";"4"
"FW";"M654+M20+M005+ME10;";"L";"C2060091";"C-LIMOUSINE (D20 4)";"W206 D20 4";"C 300 D E 4MATIC";"4X4";"230";"313";"VB";"DIESEL";"R";"4"
"FW";"M654+M20+M005+ME10;";"R";"C2060092";"C-LIMOUSINE (D20 4)";"W206 D20 4";"C 300 D E 4MATIC";"4X4";"230";"313";"VB";"DIESEL";"R";"4"
"FW";"M654+M20+M013+M010;";"L";"C2060351";"C-LIMOUSINE (D20 R)";"W206 D20 R";"C 200 D";"4X2";"120";"163";"VB";"DIESEL";"R";"4"
"FW";"M654+M20+M013+M010;";"R";"C2060352";"C-LIMOUSINE (D20 R)";"W206 D20 R";"C 200 D";"4X2";"120";"163";"VB";"DIESEL";"R";"4"
"FW";"M654+M20+M010;";"L";"C2060361";"C-LIMOUSINE (D20)";"W206 D20";"C 250 D";"4X2";"147";"200";"VB";"DIESEL";"R";"4"
"FW";"M654+M20+M010;";"R";"C2060362";"C-LIMOUSINE (D20)";"W206 D20";"C 250 D";"4X2";"147";"200";"VB";"DIESEL";"R";"4"
"FW";"M654+M20+M010+M008;";"R";"C2060366";"C-LIMOUSINE (D20)";"W206 D20";"C 250 D";"4X2";"147";"200";"VB";"DIESEL";"R";"4"
"FW";"M654+M20+M005+M010;";"L";"C2060371";"C-LIMOUSINE (D20 4)";"W206 D20 4";"C 250 D 4MATIC";"4X4";"147";"200";"VB";"DIESEL";"R";"4"
"FW";"M654+M20+M005+M010;";"R";"C2060372";"C-LIMOUSINE (D20 4)";"W206 D20 4";"C 250 D 4MATIC";"4X4";"147";"200";"VB";"DIESEL";"R";"4"
"FW";"M254+M15;";"L";"C2060411";"C-LIMOUSINE (E15)";"W206 E15";"C 180";"4X2";"125";"170";"VB";"BENZINER";"R";"4"
"FW";"M254+M15;";"R";"C2060412";"C-LIMOUSINE (E15)";"W206 E15";"C 180";"4X2";"125";"170";"VB";"BENZINER";"R";"4"
"FW";"M254+M15+M008;";"L";"C2060415";"C-LIMOUSINE (E15)";"W206 E15";"C 180";"4X2";"125";"170";"VB";"BENZINER";"R";"4"
"FW";"M254+M15+M014;";"L";"C2060421";"C-LIMOUSINE (E15 G)";"W206 E15 G";"C 200";"4X2";"150";"204";"VB";"BENZINER";"R";"4"
"FW";"M254+M15+M014;";"R";"C2060422";"C-LIMOUSINE (E15 G)";"W206 E15 G";"C 200";"4X2";"150";"204";"VB";"BENZINER";"R";"4"
"FW";"M254+M15+M014+M008;";"L";"C2060425";"C-LIMOUSINE (E15 G)";"W206 E15 G";"C 200";"4X2";"150";"204";"VB";"BENZINER";"R";"4"
"FW";"M254+M15+M014+M008;";"R";"C2060426";"C-LIMOUSINE (E15 G)";"W206 E15 G";"C 200";"4X2";"150";"204";"VB";"BENZINER";"R";"4"
"FW";"M254+M15+M014+M005;";"L";"C2060431";"C-LIMOUSINE (E15 G4)";"W206 E15 G 4";"C 200 4MATIC";"4X4";"150";"204";"VB";"BENZINER";"R";"4"
"FW";"M254+M15+M014+M005;";"R";"C2060432";"C-LIMOUSINE (E15 G4)";"W206 E15 G 4";"C 200 4MATIC";"4X4";"150";"204";"VB";"BENZINER";"R";"4"
"FW";"M254+M20;";"L";"C2060461";"C-LIMOUSINE (E20)";"W206 E20";"C 300";"4X2";"200";"272";"VB";"BENZINER";"R";"4"
"FW";"M254+M20;";"R";"C2060462";"C-LIMOUSINE (E20)";"W206 E20";"C 300";"4X2";"200";"272";"VB";"BENZINER";"R";"4"
"FW";"M254+M20+M008;";"L";"C2060465";"C-LIMOUSINE (E20)";"W206 E20";"C 300";"4X2";"200";"272";"VB";"BENZINER";"R";"4"
"FW";"M254+M20+M008;";"R";"C2060466";"C-LIMOUSINE (E20)";"W206 E20";"C 300";"4X2";"200";"272";"VB";"BENZINER";"R";"4"
"FW";"M254+M20+M005;";"L";"C2060471";"C-LIMOUSINE (E20 4)";"W206 E20 4";"C 300 4MATIC";"4X4";"200";"272";"VB";"BENZINER";"R";"4"
"FW";"M254+M20+M005;";"R";"C2060472";"C-LIMOUSINE (E20 4)";"W206 E20 4";"C 300 4MATIC";"4X4";"200";"272";"VB";"BENZINER";"R";"4"
"FW";"M254+M20+M013+M010;";"L";"C2060481";"C-LIMOUSINE (E20 R)";"W206 E20 R";"C 250";"4X2";"160";"218";"VB";"BENZINER";"R";"4"
"FW";"M254+M20+M013+M010;";"R";"C2060482";"C-LIMOUSINE (E20 R)";"W206 E20 R";"C 250";"4X2";"160";"218";"VB";"BENZINER";"R";"4"
"FW";"M254+M20+M013+M010+M008;";"L";"C2060485";"C-LIMOUSINE (E20 R)";"W206 E20 R";"C 250";"4X2";"160";"218";"VB";"BENZINER";"R";"4"
"FW";"M254+M20+M013+M010+M008;";"R";"C2060486";"C-LIMOUSINE (E20 R)";"W206 E20 R";"C 250";"4X2";"160";"218";"VB";"BENZINER";"R";"4"
"FW";"M254+M20+M013+M005+M010;";"L";"C2060491";"C-LIMOUSINE (E20 R4)";"W206 E20 R 4";"C 250 4MATIC";"4X4";"160";"218";"VB";"BENZINER";"R";"4"
"FW";"M254+M20+M013+M005+M010;";"R";"C2060492";"C-LIMOUSINE (E20 R4)";"W206 E20 R 4";"C 250 4MATIC";"4X4";"160";"218";"VB";"BENZINER";"R";"4"
"FW";"M254+M20+M013;";"L";"C2060501";"C-LIMOUSINE (E20 R)";"W206 E20 R";"C 200";"4X2";"150";"204";"VB";"BENZINER";"R";"4"
"FW";"M254+M20+M013+ME10;";"L";"C2060541";"C-LIMOUSINE (E20 RH)";"W206 E20 RH";"C 300 E";"4X2";"230";"313";"VB";"BENZINER";"R";"4"
"FW";"M254+M20+M013+ME10;";"R";"C2060542";"C-LIMOUSINE (E20 RH)";"W206 E20 RH";"C 300 E";"4X2";"230";"313";"VB";"BENZINER";"R";"4"
"FW";"M254+M20+M013+ME10+M008;";"R";"C2060546";"C-LIMOUSINE (E20 RH)";"W206 E20 RH";"C 350 E";"4X2";"230";"313";"VB";"BENZINER";"R";"4"
"FW";"M254+M20+ME10+M005;";"L";"C2060551";"C-LIMOUSINE (E20 H 4)";"W206 E20 H 4";"C 400 E 4MATIC";"4X4";"280";"381";"VB";"BENZINER";"R";"4"
"FW";"M254+M20+ME10+M005;";"R";"C2060552";"C-LIMOUSINE (E20 H 4)";"W206 E20 H 4";"C 400 E 4MATIC";"4X4";"280";"381";"VB";"BENZINER";"R";"4"
"FW";"M254+M20+M013+ME10+M005;";"L";"C2060561";"C-LIMOUSINE (E20 RH 4)";"W206 E20 RH 4";"C 300 E 4MATIC";"4X4";"230";"313";"VB";"BENZINER";"R";"4"
"FW";"M254+M20+M013+ME10+M005;";"R";"C2060562";"C-LIMOUSINE (E20 RH 4)";"W206 E20 RH 4";"C 300 E 4MATIC";"4X4";"230";"313";"VB";"BENZINER";"R";"4"
"FW";"M254+M20+M013+M006+M010;";"L";"C2060581";"C-LIMOUSINE (E20 RR)";"W206 E20 RR";"C 200";"4X2";"130";"177";"VB";"BENZINER";"R";"4"
"FW";"M254+M20+M013+M006+M010;";"R";"C2060582";"C-LIMOUSINE (E20 RR)";"W206 E20 RR";"C 200";"4X2";"130";"177";"VB";"BENZINER";"R";"4"
"FW";"M254+M20+M013+M006+M010+M008;";"L";"C2060585";"C-LIMOUSINE (E20 RR)";"W206 E20 RR";"C 200";"4X2";"130";"177";"VB";"BENZINER";"R";"4"
"FW";"M256+M30+M016+M005+M010;";"L";"C2060621";"C-LIMOUSINE (E30 LG 4A)";"W206 E30 LG 4A";"AMG C53 4MATIC";"4X4";"345";"469";"VB";"BENZINER";"R";"6"
"FW";"M256+M30+M016+M005+M010;";"R";"C2060622";"C-LIMOUSINE (E30 LG 4A)";"W206 E30 LG 4A";"AMG C53 4MATIC";"4X4";"345";"469";"VB";"BENZINER";"R";"6"
"FW";"M254+M20+M010;";"L";"C2060691";"C-LIMOUSINE (E20)";"W206 E20";"C 300";"4X2";"200";"272";"VB";"BENZINER";"R";"4"
"FW";"M254+M20+M010;";"R";"C2060692";"C-LIMOUSINE (E20)";"W206 E20";"C 300";"4X2";"200";"272";"VB";"BENZINER";"R";"4"
"FW";"M254+M20+M010+M008;";"L";"C2060695";"C-LIMOUSINE (E20)";"W206 E20";"C 300";"4X2";"200";"272";"VB";"BENZINER";"R";"4"
"FW";"M254+M20+M010+M008;";"R";"C2060696";"C-LIMOUSINE (E20)";"W206 E20";"C 300";"4X2";"200";"272";"VB";"BENZINER";"R";"4"
"FW";"M254+M20+M005+M010;";"L";"C2060701";"C-LIMOUSINE (E20 4)";"W206 E20 4";"C 300 4MATIC";"4X4";"200";"272";"VB";"BENZINER";"R";"4"
"FW";"M254+M20+M005+M010;";"R";"C2060702";"C-LIMOUSINE (E20 4)";"W206 E20 4";"C 300 4MATIC";"4X4";"200";"272";"VB";"BENZINER";"R";"4"
"FW";"M254+M20+M013+ME10+M010;";"L";"C2060711";"C-LIMOUSINE (E20 RH)";"W206 E20 RH";"C 300 E";"4X2";"250";"340";"VB";"BENZINER";"R";"4"
"FW";"M254+M20+M013+ME10+M010;";"R";"C2060712";"C-LIMOUSINE (E20 RH)";"W206 E20 RH";"C 300 E";"4X2";"250";"340";"VB";"BENZINER";"R";"4"
"FW";"M254+M20+M013+ME10+M010+M008;";"R";"C2060716";"C-LIMOUSINE (E20 RH)";"W206 E20 RH";"C 350 E";"4X2";"250";"340";"VB";"BENZINER";"R";"4"
"FW";"M254+M20+M013+ME10+M005+M010;";"L";"C2060721";"C-LIMOUSINE (E20 RH 4)";"W206 E20 RH 4";"C 300 E 4MATIC";"4X4";"250";"340";"VB";"BENZINER";"R";"4"
"FW";"M254+M20+M013+ME10+M005+M010;";"R";"C2060722";"C-LIMOUSINE (E20 RH 4)";"W206 E20 RH 4";"C 300 E 4MATIC";"4X4";"250";"340";"VB";"BENZINER";"R";"4"
"FW";"M254+M20+ME10+M005+M010;";"L";"C2060731";"C-LIMOUSINE (E20 H 4)";"W206 E20 H 4";"C 400 E 4MATIC";"4X4";"300";"408";"VB";"BENZINER";"R";"4"
"FW";"M254+M20+ME10+M005+M010;";"R";"C2060732";"C-LIMOUSINE (E20 H 4)";"W206 E20 H 4";"C 400 E 4MATIC";"4X4";"300";"408";"VB";"BENZINER";"R";"4"
"FW";"M139+M20+M014+M005+ME10;";"L";"C2060801";"C-LIMOUSINE (E20 LGH 4A)";"W206 E20 LGH 4A";"AMG C 63 S E PERFORMANCE";"4X4";"500";"680";"VB";"BENZINER";"R";"4"
"FW";"M139+M20+M014+M005+ME10;";"R";"C2060802";"C-LIMOUSINE (E20 LGH 4A)";"W206 E20 LGH 4A";"AMG C 63 S E PERFORMANCE";"4X4";"500";"680";"VB";"BENZINER";"R";"4"
"FW";"M139+M20+M005;";"L";"C2060871";"C-LIMOUSINE (E20 L 4A)";"W206 E20 L 4A";"AMG C43 4MATIC";"4X4";"310";"422";"VB";"BENZINER";"R";"4"
"FW";"M139+M20+M005;";"R";"C2060872";"C-LIMOUSINE (E20 L 4A)";"W206 E20 L 4A";"AMG C43 4MATIC";"4X4";"310";"422";"VB";"BENZINER";"R";"4"
"FW";"M139+M20+M005+M008;";"L";"C2060875";"C-LIMOUSINE (E20 L 4A)";"W206 E20 L 4A";"AMG C43 4MATIC";"4X4";"310";"422";"VB";"BENZINER";"R";"4"
"FW";"M139+M20+M005+M008;";"R";"C2060876";"C-LIMOUSINE (E20 L 4A)";"W206 E20 L 4A";"AMG C43 4MATIC";"4X4";"310";"422";"VB";"BENZINER";"R";"4"
"FC";"M139+M20+M013;";"L";"C1923421";"COUPE (E20 LR A)";"C192 E20 LR A";"AMG GT 43";"4X2";"310";"422";"VB";"BENZINER";"R";"4"
"FC";"M139+M20+M013;";"R";"C1923422";"COUPE (E20 LR A)";"C192 E20 LR A";"AMG GT 43";"4X2";"310";"422";"VB";"BENZINER";"R";"4"
"FC";"M256+M30+M016+M010;";"L";"C1923601";"COUPE (E30 G)";"C192 E30 G";"AMG GT 53";"4X2";"330";"449";"VB";"BENZINER";"R";"6"
"FC";"M256+M30+M016+M010;";"R";"C1923602";"COUPE (E30 G)";"C192 E30 G";"AMG GT 53";"4X2";"330";"449";"VB";"BENZINER";"R";"6"
"FC";"M256+M30+M016+M005+M010;";"L";"C1923611";"UNG COUPE (E30 G4)";"C192 E30 G4";"AMG GT 53 4MATIC+";"4X4";"330";"449";"VB";"BENZINER";"R";"6"
"FC";"M256+M30+M016+M005+M010;";"R";"C1923612";"UNG COUPE (E30 G4)";"C192 E30 G4";"AMG GT 53 4MATIC+";"4X4";"330";"449";"VB";"BENZINER";"R";"6"
"FC";"M177+M40+M005;";"L";"C1923781";"COUPE (E40 L 4A)";"C192 E40 L 4A";"AMG GT 63 4MATIC+";"4X4";"430";"585";"VB";"BENZINER";"V";"8"
"FC";"M177+M40+M005;";"R";"C1923782";"COUPE (E40 L 4A)";"C192 E40 L 4A";"AMG GT 63 4MATIC+";"4X4";"430";"585";"VB";"BENZINER";"V";"8"
"FC";"M177+M40+M013+M005+M010;";"L";"C1923791";"COUPE (E40 LR 4A)";"C192 E40 LR 4A";"AMG GT 55 4MATIC+";"4X4";"395";"537";"VB";"BENZINER";"V";"8"
"FC";"M177+M40+M013+M005+M010;";"R";"C1923792";"COUPE (E40 LR 4A)";"C192 E40 LR 4A";"AMG GT 55 4MATIC+";"4X4";"395";"537";"VB";"BENZINER";"V";"8"
"FC";"M177+M40+M013+M005;";"L";"C1923801";"COUPE (E40 LR 4A)";"C192 E40 LR 4A";"AMG GT 55 4MATIC+";"4X4";"350";"476";"VB";"BENZINER";"V";"8"
"FC";"M177+M40+M013+M005;";"R";"C1923802";"COUPE (E40 LR 4A)";"C192 E40 LR 4A";"AMG GT 55 4MATIC+";"4X4";"350";"476";"VB";"BENZINER";"V";"8"
"FC";"M177+M40+M005+ME10;";"L";"C1923821";"COUPE (E40 LH 4A)";"C192 E40 LH 4A";"AMG GT 63 S E PERFORMANCE";"4X4";"600";"816";"VB";"BENZINER";"V";"8"
"FC";"M177+M40+M005+ME10;";"R";"C1923822";"COUPE (E40 LH 4A)";"C192 E40 LH 4A";"AMG GT 63 S E PERFORMANCE";"4X4";"600";"816";"VB";"BENZINER";"V";"8"
"FC";"M177+M40+M005+M010;";"L";"C1923831";"COUPE (E40 L 4A)";"C192 E40 L 4A";"AMG GT 63 4MATIC+";"4X4";"450";"612";"VB";"BENZINER";"V";"8"
"FC";"M177+M40+M005+M010;";"R";"C1923832";"COUPE (E40 L 4A)";"C192 E40 L 4A";"AMG GT 63 4MATIC+";"4X4";"450";"612";"VB";"BENZINER";"V";"8"
"FC";"M177+M40+M016+M005+M010;";"L";"C1923851";"COUPE (E40 E G 4A)";"C192 E40 E G 4A";"AMG GT 63 PRO 4MATIC+";"4X4";"540";"734";"VB";"BENZINER";"V";"8"
"FC";"M177+M40+M016+M005+M010;";"R";"C1923852";"COUPE (E40 E G 4A)";"C192 E40 E G 4A";"AMG GT 63 PRO 4MATIC+";"4X4";"540";"734";"VB";"BENZINER";"V";"8"
"FC";"M177+M40+M005+M014;";"L";"C1923881";"COUPE (E40 LA 4A)";"C192 E40 LA 4A";"AMG GT 63 PRO 4MATIC+";"4X4";"450";"612";"VB";"BENZINER";"V";"8"
"FC";"M177+M40+M005+M014;";"R";"C1923882";"COUPE (E40 LA 4A)";"C192 E40 LA 4A";"AMG GT 63 PRO 4MATIC+";"4X4";"450";"612";"VB";"BENZINER";"V";"8"
"FR";"M139+M20+M013;";"L";"C2324501";"SL-ROADSTER (E20 LR A)";"R232 E20 LR A";"AMG SL 43";"4X2";"310";"422";"VB";"BENZINER";"R";"4"
"FR";"M139+M20+M013;";"R";"C2324502";"SL-ROADSTER (E20 LR A)";"R232 E20 LR A";"AMG SL 43";"4X2";"310";"422";"VB";"BENZINER";"R";"4"
"FR";"M256+M30+M014+M010;";"L";"C2324571";"SL-ROADSTER (E30)";"R232 E30";"SL 450";"4X2";"280";"381";"VB";"BENZINER";"R";"6"
"FR";"M256+M30+M014+M010;";"R";"C2324572";"SL-ROADSTER (E30)";"R232 E30";"SL 450";"4X2";"280";"381";"VB";"BENZINER";"R";"6"
"FR";"M256+M30+M014+M005+M010;";"L";"C2324591";"UNG SL-ROADSTER (E30 4)";"R232 E30 4";"SL 450 4MATIC";"4X4";"280";"381";"VB";"BENZINER";"R";"6"
"FR";"M256+M30+M014+M005+M010;";"R";"C2324592";"UNG SL-ROADSTER (E30 4)";"R232 E30 4";"SL 450 4MATIC";"4X4";"280";"381";"VB";"BENZINER";"R";"6"
"FR";"M177+M40+M013+M005;";"L";"C2324801";"SL-ROADSTER (E40 LR 4A)";"R232 E40 LR 4A";"AMG SL 55 4MATIC+";"4X4";"350";"476";"VB";"BENZINER";"V";"8"
"FR";"M177+M40+M013+M005;";"R";"C2324802";"SL-ROADSTER (E40 LR 4A)";"R232 E40 LR 4A";"AMG SL 55 4MATIC+";"4X4";"350";"476";"VB";"BENZINER";"V";"8"
"FR";"M177+M40+M005;";"L";"C2324811";"SL-ROADSTER (E40 L 4A)";"R232 E40 L 4A";"AMG SL 63 4MATIC+";"4X4";"430";"585";"VB";"BENZINER";"V";"8"
"FR";"M177+M40+M005;";"R";"C2324812";"SL-ROADSTER (E40 L 4A)";"R232 E40 L 4A";"AMG SL 63 4MATIC+";"4X4";"430";"585";"VB";"BENZINER";"V";"8"
"FR";"M177+M40+M005+ME10;";"L";"C2324821";"SL-ROADSTER (E40 LH 4A)";"R232 E40 LH 4A";"AMG SL 63 S E PERFORMANCE";"4X4";"600";"816";"VB";"BENZINER";"V";"8"
"FR";"M177+M40+M005+ME10;";"R";"C2324822";"SL-ROADSTER (E40 LH 4A)";"R232 E40 LH 4A";"AMG SL 63 S E PERFORMANCE";"4X4";"600";"816";"VB";"BENZINER";"V";"8"
"FR";"M177+M40+M005+M010;";"L";"C2324831";"SL-ROADSTER (E40 L 4A)";"R232 E40 L 4A";"AMG SL 63 4MATIC+";"4X4";"450";"612";"VB";"BENZINER";"V";"8"
"FR";"M177+M40+M005+M010;";"R";"C2324832";"SL-ROADSTER (E40 L 4A)";"R232 E40 L 4A";"AMG SL 63 4MATIC+";"4X4";"450";"612";"VB";"BENZINER";"V";"8"
"FR";"M177+M40+M005+M033;";"L";"C2324861";"SL-ROADSTER (E40 L 4A)";"R232 E40 L 4A";"M-AMG PURESPEED";"4X4";"430";"585";"VB";"BENZINER";"V";"8"
"FR";"M177+M40+M013+M006+M005+M010;";"L";"C2324871";"SL-ROADSTER (E40 LR 4A)";"R232 E40 LR 4A";"SL 580 4MATIC";"4X4";"395";"537";"VB";"BENZINER";"V";"8"
"FR";"M177+M40+M013+M006+M005+M010;";"R";"C2324872";"SL-ROADSTER (E40 LR 4A)";"R232 E40 LR 4A";"SL 580 4MATIC";"4X4";"395";"537";"VB";"BENZINER";"V";"8"
"FZ";"M177+M40+M005;";"L";"C2329811";"SL-ROADSTER (E40 L 4A)";"R232 E40 L 4A";"MERCEDES-MAYBACH SL 680";"4X4";"430";"585";"VB";"BENZINER";"V";"8"
"FZ";"M177+M40+M005;";"R";"C2329812";"SL-ROADSTER (E40 L 4A)";"R232 E40 L 4A";"MERCEDES-MAYBACH SL 680";"4X4";"430";"585";"VB";"BENZINER";"V";"8"
"FZ";"M177+M40+M005+M010;";"L";"C2329831";"SL-ROADSTER (E40 L 4A)";"R232 E40 L 4A";"MERCEDES-MAYBACH SL 680";"4X4";"450";"612";"VB";"BENZINER";"V";"8"
"FZ";"M177+M40+M005+M010;";"R";"C2329832";"SL-ROADSTER (E40 L 4A)";"R232 E40 L 4A";"MERCEDES-MAYBACH SL 680";"4X4";"450";"612";"VB";"BENZINER";"V";"8"
"FA";"M654+M20;";"L";"C2364041";"CLE-CABRIOLET (D20)";"A236 D20";"CLE 220 D";"4X2";"145";"197";"VB";"DIESEL";"R";"4"
"FA";"M654+M20;";"R";"C2364042";"CLE-CABRIOLET (D20)";"A236 D20";"CLE 220 D";"4X2";"145";"197";"VB";"DIESEL";"R";"4"
"FA";"M654+M20+M010;";"L";"C2364361";"CLE-CABRIOLET (D20)";"A236 D20";"CLE 220 D";"4X2";"147";"200";"VB";"DIESEL";"R";"4"
"FA";"M654+M20+M010;";"R";"C2364362";"CLE-CABRIOLET (D20)";"A236 D20";"CLE 220 D";"4X2";"147";"200";"VB";"DIESEL";"R";"4"
"FA";"M254+M20+M005;";"L";"C2364471";"CLE-CABRIOLET (E20 4)";"A236 E20 4";"CLE 300 4MATIC";"4X4";"200";"272";"VB";"BENZINER";"R";"4"
"FA";"M254+M20+M005;";"R";"C2364472";"CLE-CABRIOLET (E20 4)";"A236 E20 4";"CLE 300 4MATIC";"4X4";"200";"272";"VB";"BENZINER";"R";"4"
"FA";"M254+M20+M013+M010;";"L";"C2364481";"CLE-CABRIOLET (E20 R)";"A236 E20 R";"CLE 200";"4X2";"160";"218";"VB";"BENZINER";"R";"4"
"FA";"M254+M20+M013+M010;";"R";"C2364482";"CLE-CABRIOLET (E20 R)";"A236 E20 R";"CLE 200";"4X2";"160";"218";"VB";"BENZINER";"R";"4"
"FA";"M254+M20+M013+M005+M010;";"L";"C2364491";"CLE-CABRIOLET (E20 R4)";"A236 E20 R4";"CLE 200 4MATIC";"4X4";"160";"218";"VB";"BENZINER";"R";"4"
"FA";"M254+M20+M013;";"L";"C2364501";"CLE-CABRIOLET (E20 R)";"A236 E20 R";"CLE 200";"4X2";"150";"204";"VB";"BENZINER";"R";"4"
"FA";"M254+M20+M013;";"R";"C2364502";"CLE-CABRIOLET (E20 R)";"A236 E20 R";"CLE 200";"4X2";"150";"204";"VB";"BENZINER";"R";"4"
"FA";"M254+M20+M013+M005;";"L";"C2364511";"CLE-CABRIOLET (E20 R4)";"A236 E20 R4";"CLE 200 4MATIC";"4X4";"150";"204";"VB";"BENZINER";"R";"4"
"FA";"M254+M20+M013+M006;";"L";"C2364521";"CLE-CABRIOLET (E20 RR)";"A236 E20 RR";"CLE 180";"4X2";"125";"170";"VB";"BENZINER";"R";"4"
"FA";"M254+M20+M013+M006;";"R";"C2364522";"CLE-CABRIOLET (E20 RR)";"A236 E20 RR";"CLE 180";"4X2";"125";"170";"VB";"BENZINER";"R";"4"
"FA";"M254+M20+M013+M006+M010;";"L";"C2364581";"CLE-CABRIOLET (E20 RR)";"A236 E20 RR";"CLE 180";"4X2";"130";"177";"VB";"BENZINER";"R";"4"
"FA";"M254+M20+M013+M006+M010;";"R";"C2364582";"CLE-CABRIOLET (E20 RR)";"A236 E20 RR";"CLE 180";"4X2";"130";"177";"VB";"BENZINER";"R";"4"
"FA";"M256+M30+M014+M005;";"L";"C2364611";"CLE-CABRIOLET (E30 R 4)";"A236 E30 R 4";"CLE 450 4MATIC";"4X4";"280";"381";"VB";"BENZINER";"R";"6"
"FA";"M256+M30+M014+M005;";"R";"C2364612";"CLE-CABRIOLET (E30 R 4)";"A236 E30 R 4";"CLE 450 4MATIC";"4X4";"280";"381";"VB";"BENZINER";"R";"6"
"FA";"M256+M30+M016+M005;";"L";"C2364621";"CLE-CABRIOLET (E30 LG 4A)";"A236 E30 LG 4A";"AMG CLE 53 4MATIC+";"4X4";"345";"469";"VB";"BENZINER";"R";"6"
"FA";"M256+M30+M016+M005;";"R";"C2364622";"CLE-CABRIOLET (E30 LG 4A)";"A236 E30 LG 4A";"AMG CLE 53 4MATIC+";"4X4";"345";"469";"VB";"BENZINER";"R";"6"
"FA";"M256+M30+M014+M005+M010;";"L";"C2364651";"CLE-CABRIOLET (E30 R 4)";"A236 E30 R 4";"CLE 450 4MATIC";"4X4";"280";"381";"VB";"BENZINER";"R";"6"
"FA";"M256+M30+M014+M005+M010;";"R";"C2364652";"CLE-CABRIOLET (E30 R 4)";"A236 E30 R 4";"CLE 450 4MATIC";"4X4";"280";"381";"VB";"BENZINER";"R";"6"
"FA";"M254+M20+M005+M010;";"L";"C2364701";"CLE-CABRIOLET (E20 4)";"A236 E20 4";"CLE 300 4MATIC";"4X4";"200";"272";"VB";"BENZINER";"R";"4"
"FA";"M254+M20+M005+M010;";"R";"C2364702";"CLE-CABRIOLET (E20 4)";"A236 E20 4";"CLE 300 4MATIC";"4X4";"200";"272";"VB";"BENZINER";"R";"4"
"FA";"M256+M30+M016+M005+M010;";"L";"C2364721";"CLE-CABRIOLET (E30 LG 4A)";"A236 E30 LG 4A";"AMG CLE 53 4MATIC+";"4X4";"345";"469";"VB";"BENZINER";"R";"6"
"FA";"M256+M30+M016+M005+M010;";"R";"C2364722";"CLE-CABRIOLET (E30 LG 4A)";"A236 E30 LG 4A";"AMG CLE 53 4MATIC+";"4X4";"345";"469";"VB";"BENZINER";"R";"6"
"FA";"M177+M40+M014+M005+M010;";"L";"C2364841";"CLE-CABRIOLET (E40 G 4 A)";"A236 E40 G 4 A";"AMG CLE 63 4MATIC+";"4X4";"450";"612";"VB";"BENZINER";"V";"8"
"FA";"M177+M40+M014+M005+M010;";"R";"C2364842";"CLE-CABRIOLET (E40 G 4 A)";"A236 E40 G 4 A";"AMG CLE 63 4MATIC+";"4X4";"450";"612";"VB";"BENZINER";"V";"8"
"FC";"M654+M20;";"L";"C2363041";"CLE-COUPE (D20)";"C236 D20";"CLE 220 D";"4X2";"145";"197";"VB";"DIESEL";"R";"4"
"FC";"M654+M20;";"R";"C2363042";"CLE-COUPE (D20)";"C236 D20";"CLE 220 D";"4X2";"145";"197";"VB";"DIESEL";"R";"4"
"FC";"M654+M20+M010;";"L";"C2363361";"CLE-COUPE (D20)";"C236 D20";"CLE 220 D";"4X2";"147";"200";"VB";"DIESEL";"R";"4"
"FC";"M654+M20+M010;";"R";"C2363362";"CLE-COUPE (D20)";"C236 D20";"CLE 220 D";"4X2";"147";"200";"VB";"DIESEL";"R";"4"
"FC";"M254+M20+M005;";"L";"C2363471";"CLE-COUPE (E20 4)";"C236 E20 4";"CLE 300 4MATIC";"4X4";"200";"272";"VB";"BENZINER";"R";"4"
"FC";"M254+M20+M005;";"R";"C2363472";"CLE-COUPE (E20 4)";"C236 E20 4";"CLE 300 4MATIC";"4X4";"200";"272";"VB";"BENZINER";"R";"4"
"FC";"M254+M20+M005+M008;";"R";"C2363476";"CLE-COUPE (E20 4)";"C236 E20 4";"CLE 300 4MATIC";"4X4";"200";"272";"VB";"BENZINER";"R";"4"
"FC";"M254+M20+M013+M010;";"L";"C2363481";"CLE-COUPE (E20 R)";"C236 E20 R";"CLE 200";"4X2";"160";"218";"VB";"BENZINER";"R";"4"
"FC";"M254+M20+M013+M010;";"R";"C2363482";"CLE-COUPE (E20 R)";"C236 E20 R";"CLE 200";"4X2";"160";"218";"VB";"BENZINER";"R";"4"
"FC";"M254+M20+M013+M010+M008;";"R";"C2363486";"CLE-COUPE (E20 R)";"C236 E20 R";"CLE 200";"4X2";"160";"218";"VB";"BENZINER";"R";"4"
"FC";"M254+M20+M013+M005+M010;";"L";"C2363491";"CLE-COUPE (E20 R4)";"C236 E20 R4";"CLE 200 4MATIC";"4X4";"160";"218";"VB";"BENZINER";"R";"4"
"FC";"M254+M20+M013;";"L";"C2363501";"CLE-COUPE (E20 R)";"C236 E20 R";"CLE 200";"4X2";"150";"204";"VB";"BENZINER";"R";"4"
"FC";"M254+M20+M013;";"R";"C2363502";"CLE-COUPE (E20 R)";"C236 E20 R";"CLE 200";"4X2";"150";"204";"VB";"BENZINER";"R";"4"
"FC";"M254+M20+M013+M008+M99;";"R";"C2363506";"CLE-COUPE (E20 R)";"C236 E20 R";"CLE 200";"4X2";"150";"204";"VB";"BENZINER";"R";"4"
"FC";"M254+M20+M013+M005;";"L";"C2363511";"CLE-COUPE (E20 R4)";"C236 E20 R4";"CLE 200 4MATIC";"4X4";"150";"204";"VB";"BENZINER";"R";"4"
"FC";"M254+M20+M013+M006;";"L";"C2363521";"CLE-COUPE (E20 RR)";"C236 E20 RR";"CLE 180";"4X2";"125";"170";"VB";"BENZINER";"R";"4"
"FC";"M254+M20+M013+M006;";"R";"C2363522";"CLE-COUPE (E20 RR)";"C236 E20 RR";"CLE 180";"4X2";"125";"170";"VB";"BENZINER";"R";"4"
"FC";"M254+M20+M013+ME10;";"L";"C2363541";"CLE-COUPE (E20 R H)";"C236 E20 R H";"CLE 300 E";"4X2";"230";"313";"VB";"BENZINER";"R";"4"
"FC";"M254+M20+M013+ME10;";"R";"C2363542";"CLE-COUPE (E20 R H)";"C236 E20 R H";"CLE 300 E";"4X2";"230";"313";"VB";"BENZINER";"R";"4"
"FC";"M254+M20+M013+M006+M010;";"L";"C2363581";"CLE-COUPE (E20 RR)";"C236 E20 RR";"CLE 180";"4X2";"130";"177";"VB";"BENZINER";"R";"4"
"FC";"M254+M20+M013+M006+M010;";"R";"C2363582";"CLE-COUPE (E20 RR)";"C236 E20 RR";"CLE 180";"4X2";"130";"177";"VB";"BENZINER";"R";"4"
"FC";"M256+M30+M014+M005;";"L";"C2363611";"CLE-COUPE  (E30 R 4)";"C236 E30 R 4";"CLE 450 4MATIC";"4X4";"280";"381";"VB";"BENZINER";"R";"6"
"FC";"M256+M30+M014+M005;";"R";"C2363612";"CLE-COUPE  (E30 R 4)";"C236 E30 R 4";"CLE 450 4MATIC";"4X4";"280";"381";"VB";"BENZINER";"R";"6"
"FC";"M256+M30+M016+M005;";"L";"C2363621";"CLE-COUPE (E30 LG 4A)";"C236 E30 LG 4A";"AMG CLE 53 4MATIC+";"4X4";"345";"469";"VB";"BENZINER";"R";"6"
"FC";"M256+M30+M016+M005;";"R";"C2363622";"CLE-COUPE (E30 LG 4A)";"C236 E30 LG 4A";"AMG CLE 53 4MATIC+";"4X4";"345";"469";"VB";"BENZINER";"R";"6"
"FC";"M256+M30+M016+M005+M008;";"R";"C2363626";"CLE-COUPE (E30 LG 4A)";"C236 E30 LG 4A";"AMG CLE 53 4MATIC+";"4X4";"345";"469";"VB";"BENZINER";"R";"6"
"FC";"M256+M30+M014+M005+M010;";"L";"C2363651";"CLE-COUPE  (E30 R 4)";"C236 E30 R 4";"CLE 450 4MATIC";"4X4";"280";"381";"VB";"BENZINER";"R";"6"
"FC";"M256+M30+M014+M005+M010;";"R";"C2363652";"CLE-COUPE  (E30 R 4)";"C236 E30 R 4";"CLE 450 4MATIC";"4X4";"280";"381";"VB";"BENZINER";"R";"6"
"FC";"M254+M20+M005+M010;";"L";"C2363701";"CLE-COUPE (E20 4)";"C236 E20 4";"CLE 300 4MATIC";"4X4";"200";"272";"VB";"BENZINER";"R";"4"
"FC";"M254+M20+M005+M010;";"R";"C2363702";"CLE-COUPE (E20 4)";"C236 E20 4";"CLE 300 4MATIC";"4X4";"200";"272";"VB";"BENZINER";"R";"4"
"FC";"M254+M20+M005+M010+M008;";"R";"C2363706";"CLE-COUPE (E20 4)";"C236 E20 4";"CLE 300 4MATIC";"4X4";"200";"272";"VB";"BENZINER";"R";"4"
"FC";"M254+M20+M013+ME10+M010;";"L";"C2363711";"CLE-COUPE (E20 R H)";"C236 E20 R H";"CLE 300 E";"4X2";"250";"340";"VB";"BENZINER";"R";"4"
"FC";"M254+M20+M013+ME10+M010;";"R";"C2363712";"CLE-COUPE (E20 R H)";"C236 E20 R H";"CLE 300 E";"4X2";"250";"340";"VB";"BENZINER";"R";"4"
"FC";"M256+M30+M016+M005+M010;";"L";"C2363721";"CLE-COUPE (E30 LG 4A)";"C236 E30 LG 4A";"AMG CLE 53 4MATIC+";"4X4";"345";"469";"VB";"BENZINER";"R";"6"
"FC";"M256+M30+M016+M005+M010;";"R";"C2363722";"CLE-COUPE (E30 LG 4A)";"C236 E30 LG 4A";"AMG CLE 53 4MATIC+";"4X4";"345";"469";"VB";"BENZINER";"R";"6"
"FC";"M256+M30+M016+M005+M010+M008;";"R";"C2363726";"CLE-COUPE (E30 LG 4A)";"C236 E30 LG 4A";"AMG CLE 53 4MATIC+";"4X4";"345";"469";"VB";"BENZINER";"R";"6"
"FC";"M177+M40+M014+M005+M010;";"L";"C2363841";"CLE-COUPE (E40 G 4 A)";"C236 E40 G 4 A";"AMG CLE 63 4MATIC+";"4X4";"450";"612";"VB";"BENZINER";"V";"8"
"FC";"M177+M40+M014+M005+M010;";"R";"C2363842";"CLE-COUPE (E40 G 4 A)";"C236 E40 G 4 A";"AMG CLE 63 4MATIC+";"4X4";"450";"612";"VB";"BENZINER";"V";"8"
"FC";"M99;";"L";"C2543001";"GLC COUPE";"C254";"DUMMY BAUMUSTER";"4X4";"0";"0";"VB";"BENZINER";"R";"1"
"FC";"M99;";"R";"C2543002";"GLC COUPE";"C254";"DUMMY BAUMUSTER";"4X4";"0";"0";"VB";"BENZINER";"R";"1"
"FC";"M654+M20+M013+M005;";"L";"C2543021";"GLC COUPE (D20 R 4)";"C254 D20 R 4";"GLC 200 D 4MATIC";"4X4";"120";"163";"VB";"DIESEL";"R";"4"
"FC";"M654+M20+M005;";"L";"C2543051";"GLC COUPE (D20 4)";"C254 D20 4";"GLC 220 D 4MATIC";"4X4";"145";"197";"VB";"DIESEL";"R";"4"
"FC";"M654+M20+M005;";"R";"C2543052";"GLC COUPE (D20 4)";"C254 D20 4";"GLC 220 D 4MATIC";"4X4";"145";"197";"VB";"DIESEL";"R";"4"
"FC";"M654+M20+M005+M008;";"L";"C2543055";"GLC COUPE (D20 4)";"C254 D20 4";"GLC 220 D 4MATIC";"4X4";"145";"197";"VB";"DIESEL";"R";"4"
"FC";"M654+M20+M005+M008;";"R";"C2543056";"GLC COUPE (D20 4)";"C254 D20 4";"GLC 220 D 4MATIC";"4X4";"145";"197";"VB";"DIESEL";"R";"4"
"FC";"M654+M20+M014+M005;";"L";"C2543071";"GLC COUPE (D20 G4)";"C254 D20 G 4";"GLC 300 D 4MATIC";"4X4";"198";"269";"VB";"DIESEL";"R";"4"
"FC";"M654+M20+M014+M005;";"R";"C2543072";"GLC COUPE (D20 G4)";"C254 D20 G 4";"GLC 300 D 4MATIC";"4X4";"198";"269";"VB";"DIESEL";"R";"4"
"FC";"M654+M20+M014+M005+M008+M99;";"L";"C2543075";"GLC COUPE (D20 G4)";"C254 D20 G 4";"GLC 300 D 4MATIC";"4X4";"198";"269";"VB";"DIESEL";"R";"4"
"FC";"M654+M20+M014+M005+M008+M99;";"R";"C2543076";"GLC COUPE (D20 G4)";"C254 D20 G 4";"GLC 300 D 4MATIC";"4X4";"198";"269";"VB";"DIESEL";"R";"4"
"FC";"M654+M20+ME10+M005;";"L";"C2543091";"GLC COUPE (D20 4)";"C254 D20 4";"GLC 300 D E 4MATIC";"4X4";"245";"333";"VB";"DIESEL";"R";"4"
"FC";"M654+M20+ME10+M005;";"R";"C2543092";"GLC COUPE (D20 4)";"C254 D20 4";"GLC 300 D E 4MATIC";"4X4";"245";"333";"VB";"DIESEL";"R";"4"
"FC";"M656+M30+M013+M005+M010;";"L";"C2543211";"GLC COUPE (D30 R4)";"C254 D30 R 4";"GLC 400 D 4MATIC";"4X4";"240";"326";"VB";"DIESEL";"R";"6"
"FC";"M656+M30+M013+M005+M010;";"R";"C2543212";"GLC COUPE (D30 R4)";"C254 D30 R 4";"GLC 400 D 4MATIC";"4X4";"240";"326";"VB";"DIESEL";"R";"6"
"FC";"M656+M30+M005;";"L";"C2543231";"GLC COUPE (D30 4)";"C254 D30";"GLC 450 D 4MATIC";"4X4";"270";"367";"VB";"DIESEL";"R";"6"
"FC";"M654+M20+M013+M005+M010;";"L";"C2543321";"GLC COUPE (D20 R 4)";"C254 D20 R 4";"GLC 200 D 4MATIC";"4X4";"120";"163";"VB";"DIESEL";"R";"4"
"FC";"M654+M20+M005+M010;";"L";"C2543371";"GLC COUPE (D20 4)";"C254 D20 4";"GLC 220 D 4MATIC";"4X4";"147";"200";"VB";"DIESEL";"R";"4"
"FC";"M654+M20+M005+M010;";"R";"C2543372";"GLC COUPE (D20 4)";"C254 D20 4";"GLC 220 D 4MATIC";"4X4";"147";"200";"VB";"DIESEL";"R";"4"
"FC";"M654+M20+M005+M010+M008;";"L";"C2543375";"GLC COUPE (D20 4)";"C254 D20 4";"GLC 220 D 4MATIC";"4X4";"147";"200";"VB";"DIESEL";"R";"4"
"FC";"M654+M20+M005+M010+M008;";"R";"C2543376";"GLC COUPE (D20 4)";"C254 D20 4";"GLC 220 D 4MATIC";"4X4";"147";"200";"VB";"DIESEL";"R";"4"
"FC";"M654+M20+ME10+M005+M010;";"L";"C2543391";"GLC COUPE (D20 4)";"C254 D20 4";"GLC 300 D E 4MATIC";"4X4";"245";"333";"VB";"DIESEL";"R";"4"
"FC";"M654+M20+ME10+M005+M010;";"R";"C2543392";"GLC COUPE (D20 4)";"C254 D20 4";"GLC 300 D E 4MATIC";"4X4";"245";"333";"VB";"DIESEL";"R";"4"
"FC";"M254+M15;";"L";"C2543411";"GLC COUPE (E15)";"C254 E15";"GLC 180";"4X2";"125";"170";"VB";"BENZINER";"R";"4"
"FC";"M254+M15+M008;";"L";"C2543415";"GLC COUPE (E15)";"C254 E15";"GLC 180";"4X2";"125";"170";"VB";"BENZINER";"R";"4"
"FC";"M254+M20+M005;";"L";"C2543471";"GLC COUPE (E20 4)";"C254 E20 4";"GLC 300 4MATIC";"4X4";"200";"272";"VB";"BENZINER";"R";"4"
"FC";"M254+M20+M005;";"R";"C2543472";"GLC COUPE (E20 4)";"C254 E20 4";"GLC 300 4MATIC";"4X4";"200";"272";"VB";"BENZINER";"R";"4"
"FC";"M254+M20+M005+M008+M99;";"L";"C2543475";"GLC COUPE (E20 4)";"C254 E20 4";"GLC 300 4MATIC";"4X4";"200";"272";"VB";"BENZINER";"R";"4"
"FC";"M254+M20+M005+M008;";"R";"C2543476";"GLC COUPE (E20 4)";"C254 E20 4";"GLC 300 4MATIC";"4X4";"200";"272";"VB";"BENZINER";"R";"4"
"FC";"M254+M20+M013+M005+M010;";"L";"C2543491";"GLC COUPE (E20 R 4)";"C254 E20 R 4";"GLC 200 4MATIC";"4X4";"160";"218";"VB";"BENZINER";"R";"4"
"FC";"M254+M20+M013+M005+M010;";"R";"C2543492";"GLC COUPE (E20 R 4)";"C254 E20 R 4";"GLC 200 4MATIC";"4X4";"160";"218";"VB";"BENZINER";"R";"4"
"FC";"M254+M20+M013+M005;";"L";"C2543511";"GLC COUPE (E20 R 4)";"C254 E20 R 4";"GLC 200 4MATIC";"4X4";"150";"204";"VB";"BENZINER";"R";"4"
"FC";"M254+M20+M013+M005;";"R";"C2543512";"GLC COUPE (E20 R 4)";"C254 E20 R 4";"GLC 200 4MATIC";"4X4";"150";"204";"VB";"BENZINER";"R";"4"
"FC";"M254+M20+ME10+M005;";"L";"C2543551";"GLC COUPE (E20 H4)";"C254 E20 H 4";"GLC 400 E 4MATIC";"4X4";"280";"381";"VB";"BENZINER";"R";"4"
"FC";"M254+M20+ME10+M005;";"R";"C2543552";"GLC COUPE (E20 H4)";"C254 E20 H 4";"GLC 400 E 4MATIC";"4X4";"280";"381";"VB";"BENZINER";"R";"4"
"FC";"M254+M20+M013+ME10+M005;";"L";"C2543561";"GLC COUPE (E20 RH4)";"C254 E20 RH 4";"GLC 300 E 4MATIC";"4X4";"230";"313";"VB";"BENZINER";"R";"4"
"FC";"M254+M20+M013+ME10+M005;";"R";"C2543562";"GLC COUPE (E20 RH4)";"C254 E20 RH 4";"GLC 300 E 4MATIC";"4X4";"230";"313";"VB";"BENZINER";"R";"4"
"FC";"M254+M20+M013+ME10+M005+M008;";"R";"C2543566";"GLC COUPE (E20 RH4)";"C254 E20 RH 4";"GLC 350 E 4MATIC";"4X4";"230";"313";"VB";"BENZINER";"R";"4"
"FC";"M254+M20+M005+M010;";"L";"C2543701";"GLC COUPE (E20 4)";"C254 E20 4";"GLC 300 4MATIC";"4X4";"200";"272";"VB";"BENZINER";"R";"4"
"FC";"M254+M20+M005+M010;";"R";"C2543702";"GLC COUPE (E20 4)";"C254 E20 4";"GLC 300 4MATIC";"4X4";"200";"272";"VB";"BENZINER";"R";"4"
"FC";"M254+M20+M005+M010+M008;";"R";"C2543706";"GLC COUPE (E20 4)";"C254 E20 4";"GLC 300 4MATIC";"4X4";"200";"272";"VB";"BENZINER";"R";"4"
"FC";"M254+M20+M013+ME10+M005+M010;";"L";"C2543721";"GLC COUPE (E20 RH4)";"C254 E20 RH 4";"GLC 300 E 4MATIC";"4X4";"250";"340";"VB";"BENZINER";"R";"4"
"FC";"M254+M20+M013+ME10+M005+M010;";"R";"C2543722";"GLC COUPE (E20 RH4)";"C254 E20 RH 4";"GLC 300 E 4MATIC";"4X4";"250";"340";"VB";"BENZINER";"R";"4"
"FC";"M254+M20+M013+ME10+M005+M010+M008;";"R";"C2543726";"GLC COUPE (E20 RH4)";"C254 E20 RH 4";"GLC 350 E 4MATIC";"4X4";"250";"340";"VB";"BENZINER";"R";"4"
"FC";"M254+M20+ME10+M005+M010;";"L";"C2543731";"GLC COUPE (E20 H4)";"C254 E20 H 4";"GLC 400 E 4MATIC";"4X4";"300";"408";"VB";"BENZINER";"R";"4"
"FC";"M254+M20+ME10+M005+M010;";"R";"C2543732";"GLC COUPE (E20 H4)";"C254 E20 H 4";"GLC 400 E 4MATIC";"4X4";"300";"408";"VB";"BENZINER";"R";"4"
"FC";"M256+M30+M016+M005+M010;";"L";"C2543741";"GLC COUPE (E30 LG 4A)";"C254 E30 LG 4A";"AMG GLC 53 4MATIC+";"4X4";"345";"469";"VB";"BENZINER";"R";"6"
"FC";"M256+M30+M016+M005+M010;";"R";"C2543742";"GLC COUPE (E30 LG 4A)";"C254 E30 LG 4A";"AMG GLC 53 4MATIC+";"4X4";"345";"469";"VB";"BENZINER";"R";"6"
"FC";"M256+M30+M016+M005+M010+M008;";"R";"C2543746";"GLC COUPE (E30 LG 4A)";"C254 E30 LG 4A";"AMG GLC 53 4MATIC+";"4X4";"345";"469";"VB";"BENZINER";"R";"6"
"FC";"M139+M20+M014+M005+ME10;";"L";"C2543801";"GLC COUPE (E20 GG A4)";"C254 E20 GG A4";"AMG GLC 63 S E PERFORMANCE";"4X4";"500";"680";"VB";"BENZINER";"R";"4"
"FC";"M139+M20+M014+M005+ME10;";"R";"C2543802";"GLC COUPE (E20 GG A4)";"C254 E20 GG A4";"AMG GLC 63 S E PERFORMANCE";"4X4";"500";"680";"VB";"BENZINER";"R";"4"
"FC";"M139+M20+M005;";"L";"C2543871";"GLC COUPE (E20 A4)";"C254 E20 A4";"AMG GLC43 4MATIC";"4X4";"300";"408";"VB";"BENZINER";"R";"4"
"FC";"M139+M20+M005;";"R";"C2543872";"GLC COUPE (E20 A4)";"C254 E20 A4";"AMG GLC43 4MATIC";"4X4";"300";"408";"VB";"BENZINER";"R";"4"
"FC";"M139+M20+M005+M008;";"R";"C2543876";"GLC SPORT-UTILITY-VEHICLE (E20 A4)";"C254 E20 A4";"AMG GLC43 4MATIC";"4X4";"300";"408";"VB";"BENZINER";"R";"4"
"FV";"M99;";"L";"C2541001";"GLC SPORT-UTILITY-VEHICLE LANG";"V254";"DUMMY BAUMUSTER";"4X4";"0";"0";"VB";"BENZINER";"R";"1"
"FV";"M254+M20+M005;";"L";"C2541471";"GLC SPORT-UTILITY-VEHICLE LANG (E20 4)";"V254 E20 4";"GLC 300 L 4MATIC";"4X4";"190";"258";"VB";"BENZINER";"R";"4"
"FV";"M254+M20+M013+M005+M010;";"L";"C2541491";"GLC SPORT-UTILITY-VEHICLE LANG (E20 R 4)";"V254 E20 R 4";"GLC 260 L 4MATIC";"4X4";"160";"218";"VB";"BENZINER";"R";"4"
"FV";"M254+M20+M013+M005;";"L";"C2541511";"GLC SPORT-UTILITY-VEHICLE LANG (E20 R 4)";"V254 E20 R 4";"GLC 260 L 4MATIC";"4X4";"150";"204";"VB";"BENZINER";"R";"4"
"FV";"M254+M20+M013+ME10+M005;";"L";"C2541561";"GLC SPORT-UTILITY-VEHICLE LANG (E20 RH4)";"V254 E20 RH4";"GLC 350E L 4MATIC";"4X4";"230";"313";"VB";"BENZINER";"R";"4"
"FV";"M254+M20+M005+M010;";"L";"C2541701";"GLC SPORT-UTILITY-VEHICLE LANG (E20 4)";"V254 E20 4";"GLC 300 L 4MATIC";"4X4";"190";"258";"VB";"BENZINER";"R";"4"
"FX";"M99;";"L";"C2546001";"GLC SPORT-UTILITY-VEHICLE";"X254";"DUMMY BAUMUSTER";"4X4";"0";"0";"VB";"BENZINER";"R";"1"
"FX";"M99;";"R";"C2546002";"GLC SPORT-UTILITY-VEHICLE";"X254";"DUMMY BAUMUSTER";"4X4";"0";"0";"VB";"BENZINER";"R";"1"
"FX";"M654+M20+M013+M005;";"L";"C2546021";"GLC SPORT-UTILITY-VEHICLE (D20 R 4)";"X254 D20 R 4";"GLC 200 D 4MATIC";"4X4";"120";"163";"VB";"DIESEL";"R";"4"
"FX";"M654+M20+M005;";"L";"C2546051";"GLC SPORT-UTILITY-VEHICLE (D20 4)";"X254 D20 4";"GLC 220 D 4MATIC";"4X4";"145";"197";"VB";"DIESEL";"R";"4"
"FX";"M654+M20+M005;";"R";"C2546052";"GLC SPORT-UTILITY-VEHICLE (D20 4)";"X254 D20 4";"GLC 220 D 4MATIC";"4X4";"145";"197";"VB";"DIESEL";"R";"4"
"FX";"M654+M20+M005+M008;";"L";"C2546055";"GLC SPORT-UTILITY-VEHICLE (D20 4)";"X254 D20 4";"GLC 220 D 4MATIC";"4X4";"145";"197";"VB";"DIESEL";"R";"4"
"FX";"M654+M20+M005+M008;";"R";"C2546056";"GLC SPORT-UTILITY-VEHICLE (D20 4)";"X254 D20 4";"GLC 220 D 4MATIC";"4X4";"145";"197";"VB";"DIESEL";"R";"4"
"FX";"M654+M20+M014+M005;";"L";"C2546071";"GLC SPORT-UTILITY-VEHICLE (D20 G4)";"X254 D20 G 4";"GLC 300 D 4MATIC";"4X4";"198";"269";"VB";"DIESEL";"R";"4"
"FX";"M654+M20+M014+M005;";"R";"C2546072";"GLC SPORT-UTILITY-VEHICLE (D20 G4)";"X254 D20 G 4";"GLC 300 D 4MATIC";"4X4";"198";"269";"VB";"DIESEL";"R";"4"
"FX";"M654+M20+M014+M005+M008;";"L";"C2546075";"GLC SPORT-UTILITY-VEHICLE (D20 G4)";"X254 D20 G 4";"GLC 300 D 4MATIC";"4X4";"198";"269";"VB";"DIESEL";"R";"4"
"FX";"M654+M20+M014+M005+M008;";"R";"C2546076";"GLC SPORT-UTILITY-VEHICLE (D20 G4)";"X254 D20 G 4";"GLC 300 D 4MATIC";"4X4";"198";"269";"VB";"DIESEL";"R";"4"
"FX";"M654+M20+ME10+M005;";"L";"C2546091";"GLC SPORT-UTILITY-VEHICLE (D20 4)";"X254 D20 4";"GLC 300 D E 4MATIC";"4X4";"245";"333";"VB";"DIESEL";"R";"4"
"FX";"M654+M20+ME10+M005;";"R";"C2546092";"GLC SPORT-UTILITY-VEHICLE (D20 4)";"X254 D20 4";"GLC 300 D E 4MATIC";"4X4";"245";"333";"VB";"DIESEL";"R";"4"
"FX";"M656+M30+M013+M005+M010;";"L";"C2546211";"GLC SPORT-UTILITY-VEHICLE (D30 R4)";"X254 D30 R 4";"GLC 400 D 4MATIC";"4X4";"240";"326";"VB";"DIESEL";"R";"6"
"FX";"M656+M30+M013+M005+M010;";"R";"C2546212";"GLC SPORT-UTILITY-VEHICLE (D30 R4)";"X254 D30 R 4";"GLC 400 D 4MATIC";"4X4";"240";"326";"VB";"DIESEL";"R";"6"
"FX";"M656+M30+M005;";"L";"C2546231";"GLC SPORT-UTILITY-VEHICLE (D30 4)";"X254 D30";"GLC 450 D 4MATIC";"4X4";"270";"367";"VB";"DIESEL";"R";"6"
"FX";"M654+M20+M013+M005+M010;";"L";"C2546321";"GLC SPORT-UTILITY-VEHICLE (D20 R 4)";"X254 D20 R 4";"GLC 200 D 4MATIC";"4X4";"120";"163";"VB";"DIESEL";"R";"4"
"FX";"M654+M20+M005+M010;";"L";"C2546371";"GLC SPORT-UTILITY-VEHICLE (D20 4)";"X254 D20 4";"GLC 220 D 4MATIC";"4X4";"147";"200";"VB";"DIESEL";"R";"4"
"FX";"M654+M20+M005+M010;";"R";"C2546372";"GLC SPORT-UTILITY-VEHICLE (D20 4)";"X254 D20 4";"GLC 220 D 4MATIC";"4X4";"147";"200";"VB";"DIESEL";"R";"4"
"FX";"M654+M20+M005+M010+M008;";"L";"C2546375";"GLC SPORT-UTILITY-VEHICLE (D20 4)";"X254 D20 4";"GLC 220 D 4MATIC";"4X4";"147";"200";"VB";"DIESEL";"R";"4"
"FX";"M654+M20+M005+M010+M008;";"R";"C2546376";"GLC SPORT-UTILITY-VEHICLE (D20 4)";"X254 D20 4";"GLC 220 D 4MATIC";"4X4";"147";"200";"VB";"DIESEL";"R";"4"
"FX";"M654+M20+ME10+M005+M010;";"L";"C2546391";"GLC SPORT-UTILITY-VEHICLE (D20 4)";"X254 D20 4";"GLC 300 D E 4MATIC";"4X4";"245";"333";"VB";"DIESEL";"R";"4"
"FX";"M654+M20+ME10+M005+M010;";"R";"C2546392";"GLC SPORT-UTILITY-VEHICLE (D20 4)";"X254 D20 4";"GLC 300 D E 4MATIC";"4X4";"245";"333";"VB";"DIESEL";"R";"4"
"FX";"M254+M15;";"L";"C2546411";"GLC SPORT-UTILITY-VEHICLE (E15)";"X254 E15";"GLC 180";"4X2";"125";"170";"VB";"BENZINER";"R";"4"
"FX";"M254+M15+M008;";"L";"C2546415";"GLC SPORT-UTILITY-VEHICLE (E15)";"X254 E15";"GLC 180";"4X2";"125";"170";"VB";"BENZINER";"R";"4"
"FX";"M254+M20;";"L";"C2546461";"GLC SPORT-UTILITY-VEHICLE (E20)";"X254 E20";"GLC 300";"4X2";"200";"272";"VB";"BENZINER";"R";"4"
"FX";"M254+M20+M005;";"L";"C2546471";"GLC SPORT-UTILITY-VEHICLE (E20 4)";"X254 E20 4";"GLC 300 4MATIC";"4X4";"200";"272";"VB";"BENZINER";"R";"4"
"FX";"M254+M20+M005;";"R";"C2546472";"GLC SPORT-UTILITY-VEHICLE (E20 4)";"X254 E20 4";"GLC 300 4MATIC";"4X4";"200";"272";"VB";"BENZINER";"R";"4"
"FX";"M254+M20+M005+M008;";"L";"C2546475";"GLC SPORT-UTILITY-VEHICLE (E20 4)";"X254 E20 4";"GLC 300 4MATIC";"4X4";"200";"272";"VB";"BENZINER";"R";"4"
"FX";"M254+M20+M005+M008;";"R";"C2546476";"GLC SPORT-UTILITY-VEHICLE (E20 4)";"X254 E20 4";"GLC 300 4MATIC";"4X4";"200";"272";"VB";"BENZINER";"R";"4"
"FX";"M254+M20+M013+M005+M010;";"L";"C2546491";"GLC SPORT-UTILITY-VEHICLE (E20 R 4)";"X254 E20 R 4";"GLC 200 4MATIC";"4X4";"160";"218";"VB";"BENZINER";"R";"4"
"FX";"M254+M20+M013+M005+M010;";"R";"C2546492";"GLC SPORT-UTILITY-VEHICLE (E20 R 4)";"X254 E20 R 4";"GLC 200 4MATIC";"4X4";"160";"218";"VB";"BENZINER";"R";"4"
"FX";"M254+M20+M013+M005+M010+M008;";"L";"C2546495";"GLC SPORT-UTILITY-VEHICLE (E20 R 4)";"X254 E20 R 4";"GLC 200 4MATIC";"4X4";"160";"218";"VB";"BENZINER";"R";"4"
"FX";"M254+M20+M013+M005+M010+M008;";"R";"C2546496";"GLC SPORT-UTILITY-VEHICLE (E20 R 4)";"X254 E20 R 4";"GLC 200 4MATIC";"4X4";"160";"218";"VB";"BENZINER";"R";"4"
"FX";"M254+M20+M013+M005;";"L";"C2546511";"GLC SPORT-UTILITY-VEHICLE (E20 R 4)";"X254 E20 R 4";"GLC 200 4MATIC";"4X4";"150";"204";"VB";"BENZINER";"R";"4"
"FX";"M254+M20+M013+M005;";"R";"C2546512";"GLC SPORT-UTILITY-VEHICLE (E20 R 4)";"X254 E20 R 4";"GLC 200 4MATIC";"4X4";"150";"204";"VB";"BENZINER";"R";"4"
"FX";"M254+M20+M013+M005+M008;";"L";"C2546515";"GLC SPORT-UTILITY-VEHICLE (E20 R 4)";"X254 E20 R 4";"GLC 200 4MATIC";"4X4";"150";"204";"VB";"BENZINER";"R";"4"
"FX";"M254+M20+M013+M005+M008;";"R";"C2546516";"GLC SPORT-UTILITY-VEHICLE (E20 R 4)";"X254 E20 R 4";"GLC 200 4MATIC";"4X4";"150";"204";"VB";"BENZINER";"R";"4"
"FX";"M254+M20+ME10+M005;";"L";"C2546551";"GLC SPORT-UTILITY-VEHICLE (E20 H4)";"X254 E20 H 4";"GLC 400 E 4MATIC";"4X4";"280";"381";"VB";"BENZINER";"R";"4"
"FX";"M254+M20+ME10+M005;";"R";"C2546552";"GLC SPORT-UTILITY-VEHICLE (E20 H4)";"X254 E20 H 4";"GLC 400 E 4MATIC";"4X4";"280";"381";"VB";"BENZINER";"R";"4"
"FX";"M254+M20+M013+ME10+M005;";"L";"C2546561";"GLC SPORT-UTILITY-VEHICLE (E20 RH4)";"X254 E20 RH4";"GLC 300 E 4MATIC";"4X4";"230";"313";"VB";"BENZINER";"R";"4"
"FX";"M254+M20+M013+ME10+M005;";"R";"C2546562";"GLC SPORT-UTILITY-VEHICLE (E20 RH4)";"X254 E20 RH4";"GLC 300 E 4MATIC";"4X4";"230";"313";"VB";"BENZINER";"R";"4"
"FX";"M254+M20+M013+ME10+M005+M008+M99;";"L";"C2546565";"GLC SPORT-UTILITY-VEHICLE (E20 RH4)";"X254 E20 RH4";"GLC 350 E 4MATIC";"4X4";"230";"313";"VB";"BENZINER";"R";"4"
"FX";"M254+M20+M013+ME10+M005+M008;";"R";"C2546566";"GLC SPORT-UTILITY-VEHICLE (E20 RH4)";"X254 E20 RH4";"GLC 350 E 4MATIC";"4X4";"230";"313";"VB";"BENZINER";"R";"4"
"FX";"M254+M20+M010;";"L";"C2546691";"GLC SPORT-UTILITY-VEHICLE (E20)";"X254 E20";"GLC 300";"4X2";"200";"272";"VB";"BENZINER";"R";"4"
"FX";"M254+M20+M005+M010;";"L";"C2546701";"GLC SPORT-UTILITY-VEHICLE (E20 4)";"X254 E20 4";"GLC 300 4MATIC";"4X4";"200";"272";"VB";"BENZINER";"R";"4"
"FX";"M254+M20+M005+M010;";"R";"C2546702";"GLC SPORT-UTILITY-VEHICLE (E20 4)";"X254 E20 4";"GLC 300 4MATIC";"4X4";"200";"272";"VB";"BENZINER";"R";"4"
"FX";"M254+M20+M005+M010+M008;";"L";"C2546705";"GLC SPORT-UTILITY-VEHICLE (E20 4)";"X254 E20 4";"GLC 300 4MATIC";"4X4";"200";"272";"VB";"BENZINER";"R";"4"
"FX";"M254+M20+M005+M010+M008;";"R";"C2546706";"GLC SPORT-UTILITY-VEHICLE (E20 4)";"X254 E20 4";"GLC 300 4MATIC";"4X4";"200";"272";"VB";"BENZINER";"R";"4"
"FX";"M254+M20+M013+ME10+M005+M010;";"L";"C2546721";"GLC SPORT-UTILITY-VEHICLE (E20 RH4)";"X254 E20 RH4";"GLC 300 E 4MATIC";"4X4";"250";"340";"VB";"BENZINER";"R";"4"
"FX";"M254+M20+M013+ME10+M005+M010;";"R";"C2546722";"GLC SPORT-UTILITY-VEHICLE (E20 RH4)";"X254 E20 RH4";"GLC 300 E 4MATIC";"4X4";"250";"340";"VB";"BENZINER";"R";"4"
"FX";"M254+M20+M013+ME10+M005+M010+M008;";"R";"C2546726";"GLC SPORT-UTILITY-VEHICLE (E20 RH4)";"X254 E20 RH4";"GLC 350 E 4MATIC";"4X4";"250";"340";"VB";"BENZINER";"R";"4"
"FX";"M254+M20+ME10+M005+M010;";"L";"C2546731";"GLC SPORT-UTILITY-VEHICLE (E20 H4)";"X254 E20 H 4";"GLC 400 E 4MATIC";"4X4";"300";"408";"VB";"BENZINER";"R";"4"
"FX";"M254+M20+ME10+M005+M010;";"R";"C2546732";"GLC SPORT-UTILITY-VEHICLE (E20 H4)";"X254 E20 H 4";"GLC 400 E 4MATIC";"4X4";"300";"408";"VB";"BENZINER";"R";"4"
"FX";"M256+M30+M016+M005+M010;";"L";"C2546741";"GLC SPORT-UTILITY-VEHICLE (E30 LG 4A)";"X254 E30 LG 4A";"AMG GLC 53 4MATIC+";"4X4";"345";"469";"VB";"BENZINER";"R";"6"
"FX";"M256+M30+M016+M005+M010;";"R";"C2546742";"GLC SPORT-UTILITY-VEHICLE (E30 LG 4A)";"X254 E30 LG 4A";"AMG GLC 53 4MATIC+";"4X4";"345";"469";"VB";"BENZINER";"R";"6"
"FX";"M256+M30+M016+M005+M010+M008;";"L";"C2546745";"GLC SPORT-UTILITY-VEHICLE (E30 LG 4A)";"X254 E30 LG 4A";"AMG GLC 53 4MATIC+";"4X4";"345";"469";"VB";"BENZINER";"R";"6"
"FX";"M256+M30+M016+M005+M010+M008;";"R";"C2546746";"GLC SPORT-UTILITY-VEHICLE (E30 LG 4A)";"X254 E30 LG 4A";"AMG GLC 53 4MATIC+";"4X4";"345";"469";"VB";"BENZINER";"R";"6"
"FX";"M139+M20+M014+M005+ME10;";"L";"C2546801";"GLC SPORT-UTILITY-VEHICLE (E20 GG A4)";"X254 E20 GG A4";"AMG GLC 63 S E PERFORMANCE";"4X4";"500";"680";"VB";"BENZINER";"R";"4"
"FX";"M139+M20+M014+M005+ME10;";"R";"C2546802";"GLC SPORT-UTILITY-VEHICLE (E20 GG A4)";"X254 E20 GG A4";"AMG GLC 63 S E PERFORMANCE";"4X4";"500";"680";"VB";"BENZINER";"R";"4"
"FX";"M139+M20+M005;";"L";"C2546871";"GLC SPORT-UTILITY-VEHICLE (E20 A4)";"X254 E20 A4";"AMG GLC43 4MATIC";"4X4";"300";"408";"VB";"BENZINER";"R";"4"
"FX";"M139+M20+M005;";"R";"C2546872";"GLC SPORT-UTILITY-VEHICLE (E20 A4)";"X254 E20 A4";"AMG GLC43 4MATIC";"4X4";"300";"408";"VB";"BENZINER";"R";"4"
"FX";"M139+M20+M005+M008;";"L";"C2546875";"GLC SPORT-UTILITY-VEHICLE (E20 A4)";"X254 E20 A4";"AMG GLC43 4MATIC";"4X4";"300";"408";"VB";"BENZINER";"R";"4"
"FX";"M139+M20+M005+M008;";"R";"C2546876";"GLC SPORT-UTILITY-VEHICLE (E20 A4)";"X254 E20 A4";"AMG GLC43 4MATIC";"4X4";"300";"408";"VB";"BENZINER";"R";"4"
"FV";"MEB2;";"L";"C2951111";"ENTRY-VARIANTE MIT M-BATTERIE";"V295 K18";"EQE 300";"4X2";"195";"265";"";"ELEKTRO";"E";""
"FV";"MEB2;";"R";"C2951112";"ENTRY-VARIANTE MIT M-BATTERIE";"V295 K18";"EQE 300";"4X2";"195";"265";"";"ELEKTRO";"E";""
"FV";"MEB2+M005;";"L";"C2951121";"ENTRY-VARIANTE MIT M-BATTERIE+4MATIC";"V295 K21";"EQE 350 4MATIC";"4X4";"235";"320";"";"ELEKTRO";"E";""
"FV";"MEB2+M005;";"R";"C2951122";"ENTRY-VARIANTE MIT M-BATTERIE+4MATIC";"V295 K21";"EQE 350 4MATIC";"4X4";"235";"320";"";"ELEKTRO";"E";""
"FV";"MEB5;";"L";"C2951171";"ENTRY-VARIANTE MIT M-BATTERIE";"V295 K16";"EQE 280";"4X2";"160";"218";"";"ELEKTRO";"E";""
"FV";"MEC2;";"L";"C2951211";"MID-VARIANTE MIT M-BATTERIE";"V295 K21";"EQE 350+";"4X2";"235";"320";"";"ELEKTRO";"E";""
"FV";"MEC2;";"R";"C2951212";"MID-VARIANTE MIT M-BATTERIE";"V295 K21";"EQE 350+";"4X2";"235";"320";"";"ELEKTRO";"E";""
"FV";"MEC2+M005;";"L";"C2951221";"MID-VARIANTE MIT M-BATTERIE + 4MATIC";"V295 K26";"EQE 500 4MATIC";"4X4";"330";"449";"";"ELEKTRO";"E";""
"FV";"MEC2+M005;";"R";"C2951222";"MID-VARIANTE MIT M-BATTERIE + 4MATIC";"V295 K26";"EQE 500 4MATIC";"4X4";"330";"449";"";"ELEKTRO";"E";""
"FV";"MEC4;";"L";"C2951251";"MID-VARIANTE MIT M-BATTERIE";"V295 K21";"EQE 350";"4X2";"215";"292";"";"ELEKTRO";"E";""
"FV";"MEC4;";"R";"C2951252";"MID-VARIANTE MIT M-BATTERIE";"V295 K21";"EQE 350";"4X2";"215";"292";"";"ELEKTRO";"E";""
"FV";"MED2+M005;";"L";"C2951321";"UPPER-MID-VARIANTE MIT M-BATTERIE + 4MATIC";"V295 K33";"MERCEDES-AMG EQE 43 4MATIC";"4X4";"350";"476";"";"ELEKTRO";"E";""
"FV";"MEF2+M005;";"L";"C2951531";"AMG-ENTRY-VARIANTE MIT M-BATTERIE + 4MATIC";"V295 K47";"MERCEDES-AMG EQE 53 4MATIC+";"4X4";"460";"626";"";"ELEKTRO";"E";""
"FV";"MEF2+M005;";"R";"C2951532";"AMG-ENTRY-VARIANTE MIT M-BATTERIE + 4MATIC";"V295 K47";"MERCEDES-AMG EQE 53 4MATIC+";"4X4";"460";"626";"";"ELEKTRO";"E";""
"FV";"MQ01;";"L";"C5401011";"ENTRY LANG";"V540 EB565";"GLC 300 L ELECTRIC";"4X2";"230";"313";"";"ELEKTRO";"E";""
"FV";"MEC2+M005;";"L";"C5401221";"STANDARD RANGE LANG 4X4";"V540 EB580";"GLC 350 L 4MATIC ELECTRIC";"4X4";"310";"422";"";"ELEKTRO";"E";""
"FV";"MED2+M005;";"L";"C5401321";"LONG RANGE LANG 4X4";"V540 EB580";"GLC 400 L 4MATIC ELECTRIC";"4X4";"310";"422";"";"ELEKTRO";"E";""
"FX";"MQ01;";"L";"C5406011";"ENTRY";"X540 EB565";"GLC 200 ELECTRIC";"4X2";"230";"313";"";"ELEKTRO";"E";""
"FX";"MQ01;";"R";"C5406012";"ENTRY";"X540 EB565";"GLC 200 ELECTRIC";"4X2";"230";"313";"";"ELEKTRO";"E";""
"FX";"MQ01+M008;";"R";"C5406016";"ENTRY";"X540 EB565";"GLC 200 ELECTRIC";"4X2";"230";"313";"";"ELEKTRO";"E";""
"FX";"MQ04;";"L";"C5406041";"SUB-ENTRY";"X540 EB580";"GLC 180 ELECTRIC";"4X2";"160";"218";"";"ELEKTRO";"E";""
"FX";"MEB2;";"L";"C5406111";"STANDARD RANGE";"X540 EB580";"GLC 250 ELECTRIC";"4X2";"260";"354";"";"ELEKTRO";"E";""
"FX";"MEB2;";"R";"C5406112";"STANDARD RANGE";"X540 EB580";"GLC 250 ELECTRIC";"4X2";"260";"354";"";"ELEKTRO";"E";""
"FX";"MEB2+M008;";"R";"C5406116";"STANDARD RANGE";"X540 EB580";"GLC 250 ELECTRIC";"4X2";"260";"354";"";"ELEKTRO";"E";""
"FX";"MEC2+M005;";"L";"C5406221";"STANDARD RANGE 4X4";"X540 EB580";"GLC 300 4MATIC ELECTRIC";"4X4";"310";"422";"";"ELEKTRO";"E";""
"FX";"MEC2+M005;";"R";"C5406222";"STANDARD RANGE 4X4";"X540 EB580";"GLC 300 4MATIC ELECTRIC";"4X4";"310";"422";"";"ELEKTRO";"E";""
"FX";"MEC2+M005+M008;";"R";"C5406226";"STANDARD RANGE 4X4";"X540 EB580";"GLC 300 4MATIC ELECTRIC";"4X4";"310";"422";"";"ELEKTRO";"E";""
"FX";"MED2;";"L";"C5406311";"LONG RANGE";"X540 EB585";"GLC 300 ELECTRIC";"4X2";"275";"374";"";"ELEKTRO";"E";""
"FX";"MED2;";"R";"C5406312";"LONG RANGE";"X540 EB585";"GLC 300 ELECTRIC";"4X2";"275";"374";"";"ELEKTRO";"E";""
"FX";"MED2+M008;";"R";"C5406316";"LONG RANGE";"X540 EB585";"GLC 300 ELECTRIC";"4X2";"275";"374";"";"ELEKTRO";"E";""
"FX";"MED2+M005;";"L";"C5406321";"LONG RANGE 4X4";"X540 EB585";"GLC 400 4MATIC ELECTRIC";"4X4";"360";"490";"";"ELEKTRO";"E";""
"FX";"MED2+M005;";"R";"C5406322";"LONG RANGE 4X4";"X540 EB585";"GLC 400 4MATIC ELECTRIC";"4X4";"360";"490";"";"ELEKTRO";"E";""
"FX";"MED2+M005+M008;";"R";"C5406326";"LONG RANGE 4X4";"X540 EB585";"GLC 400 4MATIC ELECTRIC";"4X4";"360";"490";"";"ELEKTRO";"E";""
"FX";"MEF2+M005;";"L";"C5406531";"AMG 53 4X4";"X540 EB585 G";"AMG GLC 53 E PERFORMANCE";"4X4";"450";"612";"";"ELEKTRO";"E";""
"FX";"MEF2+M005;";"R";"C5406532";"AMG 53 4X4";"X540 EB585 G";"AMG GLC 53 E PERFORMANCE";"4X4";"450";"612";"";"ELEKTRO";"E";""
"FX";"MEF2+M005+M008;";"R";"C5406536";"AMG 53 4X4";"X540 EB585 G";"AMG GLC 53 E PERFORMANCE";"4X4";"450";"612";"";"ELEKTRO";"E";""
"FX";"MEG2+M005;";"L";"C5406631";"AMG 63 4X4";"X540 HP.DB221";"AMG GLC 63 E PERFORMANCE";"4X4";"700";"952";"";"ELEKTRO";"E";""
"FX";"MEG2+M005;";"R";"C5406632";"AMG 63 4X4";"X540 HP.DB221";"AMG GLC 63 E PERFORMANCE";"4X4";"700";"952";"";"ELEKTRO";"E";""
